{
    "profiles": [
        {
            "id": "1111",
            "name": "Ananya",
            "age": 25,
            "gender": "Female",
            "email": "ananya@gmail.com",
            "phone": "+1234567890",
            "address": {
                "street": "123 Main St",
                "city": "Chennai",
                "state": "Tamil Nadu",
                "country": "India",
                "zip": "400001"
            },
            "education": "Bachelor's in Engineering",
            "occupation": "Software Engineer",
            "salary": "INR 20,00,000 per annum",
            "height": "158 cm",
            "weight": "70 kg",
            "religion": "Hindu",
            "caste": "Brahmin",
            "mother_tongue": "Marathi",
            "marital_status": "Never Married",
            "about_me": "Friendly and outgoing person with a positive outlook on life.",
            "interests": [
                "Reading",
                "Traveling",
                "Music"
            ],
            "family_details": {
                "father": "Retired Govt. Officer",
                "mother": "Homemaker",
                "siblings": [
                    "One sister, married"
                ]
            },
            "photos": [
                {
                    "url": "../assets/photos/65.jpg",
                    "description": "Profile Picture"
                },
                {
                    "url": "https://example.com/photos/profile2.jpg",
                    "description": "Casual Picture"
                }
            ]
        },
        {
            "id": "2222",
            "name": "Aarush",
            "age": 27,
            "gender": "Male",
            "email": "Aarush@gmail.com",
            "phone": "+1234567890",
            "address": {
                "street": "123 Main St",
                "city": "Mumbai",
                "state": "Maharashtra",
                "country": "India",
                "zip": "400001"
            },
            "education": "Bachelor's in Engineering",
            "occupation": "DevOps Engineer",
            "salary": "INR 12,00,000 per annum",
            "height": "175 cm",
            "weight": "70 kg",
            "religion": "Hindu",
            "caste": "Brahmin",
            "mother_tongue": "Tamil",
            "marital_status": "Never Married",
            "about_me": "I am Cool Person",
            "interests": [
                "Reading",
                "Traveling",
                "Music"
            ],
            "family_details": {
                "father": "Retired Govt. Officer",
                "mother": "Homemaker",
                "siblings": [
                    "One sister, married"
                ]
            },
            "photos": [
                {
                    "url": "../assets/photos/62.jpg",
                    "description": "Profile Picture"
                },
                {
                    "url": "https://example.com/photos/profile2.jpg",
                    "description": "Casual Picture"
                }
            ]
        },
        {
            "id": "3333",
            "name": "Krithik",
            "age": 26,
            "gender": "Male",
            "email": "Krithik@example.com",
            "phone": "+1234567890",
            "address": {
                "street": "123 Main St",
                "city": "Banglore",
                "state": "Karnataka",
                "country": "India",
                "zip": "400001"
            },
            "education": "Bachelor's in Engineering",
            "occupation": "Software Engineer",
            "salary": "INR 18,00,000 per annum",
            "height": "167 cm",
            "weight": "73 kg",
            "religion": "Hindu",
            "caste": "Brahmin",
            "mother_tongue": "Kanadam",
            "marital_status": "Never Married",
            "about_me": "Travel Freak, Love to hear Music!",
            "interests": [
                "Reading",
                "Traveling",
                "Music"
            ],
            "family_details": {
                "father": "Retired Govt. Officer",
                "mother": "Homemaker",
                "siblings": [
                    "One sister, married"
                ]
            },
            "photos": [
                {
                    "url": "../assets/photos/40.jpg",
                    "description": "Profile Picture"
                },
                {
                    "url": "https://example.com/photos/profile2.jpg",
                    "description": "Casual Picture"
                }
            ]
        }
    ]
}