{
  "hash": "3c296bea",
  "configHash": "b4d3367c",
  "lockfileHash": "69a673dd",
  "browserHash": "1d8054fb",
  "optimized": {
    "@angular/core": {
      "src": "../../../../../node_modules/@angular/core/fesm2022/core.mjs",
      "file": "@angular_core.js",
      "fileHash": "22435e30",
      "needsInterop": false
    },
    "@angular/platform-browser": {
      "src": "../../../../../node_modules/@angular/platform-browser/fesm2022/platform-browser.mjs",
      "file": "@angular_platform-browser.js",
      "fileHash": "419f43f0",
      "needsInterop": false
    },
    "@angular/platform-browser/animations/async": {
      "src": "../../../../../node_modules/@angular/platform-browser/fesm2022/animations/async.mjs",
      "file": "@angular_platform-browser_animations_async.js",
      "fileHash": "6e34260b",
      "needsInterop": false
    },
    "@angular/router": {
      "src": "../../../../../node_modules/@angular/router/fesm2022/router.mjs",
      "file": "@angular_router.js",
      "fileHash": "a813771e",
      "needsInterop": false
    },
    "@angular/material/button": {
      "src": "../../../../../node_modules/@angular/material/fesm2022/button.mjs",
      "file": "@angular_material_button.js",
      "fileHash": "a77cdcbe",
      "needsInterop": false
    },
    "@angular/material/card": {
      "src": "../../../../../node_modules/@angular/material/fesm2022/card.mjs",
      "file": "@angular_material_card.js",
      "fileHash": "3cb17185",
      "needsInterop": false
    },
    "@angular/common/http": {
      "src": "../../../../../node_modules/@angular/common/fesm2022/http.mjs",
      "file": "@angular_common_http.js",
      "fileHash": "d1318354",
      "needsInterop": false
    },
    "@angular/common": {
      "src": "../../../../../node_modules/@angular/common/fesm2022/common.mjs",
      "file": "@angular_common.js",
      "fileHash": "bb52717a",
      "needsInterop": false
    },
    "@angular/animations": {
      "src": "../../../../../node_modules/@angular/animations/fesm2022/animations.mjs",
      "file": "@angular_animations.js",
      "fileHash": "b6e84da7",
      "needsInterop": false
    },
    "@angular/material/icon": {
      "src": "../../../../../node_modules/@angular/material/fesm2022/icon.mjs",
      "file": "@angular_material_icon.js",
      "fileHash": "a9da798e",
      "needsInterop": false
    },
    "@angular/material/snack-bar": {
      "src": "../../../../../node_modules/@angular/material/fesm2022/snack-bar.mjs",
      "file": "@angular_material_snack-bar.js",
      "fileHash": "090ad5ef",
      "needsInterop": false
    }
  },
  "chunks": {
    "browser-QUTHZYYT": {
      "file": "browser-QUTHZYYT.js"
    },
    "chunk-2SVB4MCW": {
      "file": "chunk-2SVB4MCW.js"
    },
    "chunk-WO4COPIQ": {
      "file": "chunk-WO4COPIQ.js"
    },
    "chunk-JGLXYGK3": {
      "file": "chunk-JGLXYGK3.js"
    },
    "chunk-B67DVU6J": {
      "file": "chunk-B67DVU6J.js"
    },
    "chunk-YXNZ7VRK": {
      "file": "chunk-YXNZ7VRK.js"
    },
    "chunk-SAC2A6DP": {
      "file": "chunk-SAC2A6DP.js"
    },
    "chunk-NEP6ONAK": {
      "file": "chunk-NEP6ONAK.js"
    }
  }
}